Pais,Sexo,Clasificacion,AÃ±o,FILTRO
Peru,Sex: Total,"Economic activity (ISIC-Rev.4), 2 digit level: 62 - Computer programming, consultancy and related activities",2018,1.0
Peru,Sex: Total,"Economic activity (ISIC-Rev.4), 2 digit level: 62 - Computer programming, consultancy and related activities",2017,1.0
Peru,Sex: Male,"Economic activity (ISIC-Rev.4), 2 digit level: 62 - Computer programming, consultancy and related activities",2019,1.0
Peru,Sex: Total,"Economic activity (ISIC-Rev.4), 2 digit level: 62 - Computer programming, consultancy and related activities",2020,1.0
Peru,Sex: Female,"Economic activity (ISIC-Rev.4), 2 digit level: 62 - Computer programming, consultancy and related activities",2020,1.0
Peru,Sex: Male,"Economic activity (ISIC-Rev.4), 2 digit level: 62 - Computer programming, consultancy and related activities",2017,1.0
Peru,Sex: Male,"Economic activity (ISIC-Rev.4), 2 digit level: 62 - Computer programming, consultancy and related activities",2018,1.0
Peru,Sex: Total,"Economic activity (ISIC-Rev.4), 2 digit level: 62 - Computer programming, consultancy and related activities",2019,1.0
Peru,Sex: Female,"Economic activity (ISIC-Rev.4), 2 digit level: 62 - Computer programming, consultancy and related activities",2019,1.0
Peru,Sex: Female,"Economic activity (ISIC-Rev.4), 2 digit level: 62 - Computer programming, consultancy and related activities",2017,1.0
Peru,Sex: Male,"Economic activity (ISIC-Rev.4), 2 digit level: 62 - Computer programming, consultancy and related activities",2020,1.0
Peru,Sex: Female,"Economic activity (ISIC-Rev.4), 2 digit level: 62 - Computer programming, consultancy and related activities",2018,1.0
